"","state_id","city_ascii","posSentiment"
"1","ND","Bismarck",0.68956043956044
"2","KS","Overland Park",0.659722222222222
"3","PA","Pittsburgh",0.651933701657459
"4","WI","Appleton",0.641203703703704
"5","ND","Fargo",0.634782608695652
"6","WI","Madison",0.633832976445396
"7","NH","Portsmouth",0.597796143250689
"8","ID","Boise",0.519607843137255
"9","WA","Seattle",0.485714285714286
"10","MN","Minneapolis",0.397338403041825
